{
   "GPS": {
      "latitude": 47.259462399999386,
      "longitude": -1.5366597,
      "speed": 10.28049
   },
   "GROVE": [
      {
         "Compas": {
            "x": 2.583,
            "y": -4.439,
            "z": 0.435
         }
      },
      {
         "Gyroscope": {
            "x": 2.56433,
            "y": -4.45352,
            "z": 0.47237
         }
      },
      {
         "Acceleration": {
            "x": 0.28,
            "y": 0.01,
            "z": 0.93
         }
      },
      {
         "degNord": 20.743
      }
   ],
   "GIROUETTE": {
      "degVent": 30.46389
   }
}